{
  "periods": 122,
  "horizon_days": 10,
  "purge_days": 5,
  "train_window_periods": 252,
  "top10_total_return": 6.954561404059667,
  "qqq_total_return": 0.950984259205176,
  "top10_sharpe": 0.9319551339261375,
  "qqq_sharpe": 0.7633957703997142,
  "top10_max_dd": -0.5780526523213777,
  "qqq_max_dd": -0.34901359048736225,
  "avg_top10_turnover": 0.0
}