{
  "periods": 18,
  "horizon_days": 10,
  "purge_days": 5,
  "train_window_periods": 252,
  "top10_total_return": 0.771624667511942,
  "qqq_total_return": 0.21901394280874298,
  "top10_sharpe": 1.4886567736464056,
  "qqq_sharpe": 1.9255780479612914,
  "top10_max_dd": -0.26120705018408985,
  "qqq_max_dd": -0.0610914546984459
}