{
  "timestamp": "2026-02-11T13:50:56.265777",
  "configs_tested": 18,
  "results": [
    {
      "id": "baseline",
      "name": "P2 Baseline (No VIX)",
      "is_sharpe": 0.7302494223425074,
      "is_cagr": 0.10701188019076469,
      "is_maxdd": -0.07180905201966192,
      "oos_sharpe": 1.8418443187004356,
      "oos_cagr": 0.1981542758165069,
      "oos_maxdd": -0.04291843095696083,
      "oos_days": 222,
      "config": {
        "id": "baseline",
        "name": "P2 Baseline (No VIX)",
        "use_vix": false,
        "v4_overrides": {},
        "vix_overrides": {}
      }
    },
    {
      "id": "vix_no_budget",
      "name": "VIX No Budget Control",
      "is_sharpe": 0.7152866968827412,
      "is_cagr": 0.10212487534844406,
      "is_maxdd": -0.0718090520196619,
      "oos_sharpe": 1.8418443187004356,
      "oos_cagr": 0.1981542758165069,
      "oos_maxdd": -0.04291843095696083,
      "oos_days": 222,
      "config": {
        "id": "vix_no_budget",
        "name": "VIX No Budget Control",
        "use_vix": true,
        "v4_overrides": {},
        "vix_overrides": {
          "theme_budget_normal": 0.1,
          "theme_budget_medium": 0.1,
          "theme_budget_high": 0.1
        }
      }
    },
    {
      "id": "aggressive_combo_2",
      "name": "Aggressive: No VIX Budget + High Caps",
      "is_sharpe": 0.7152866968827412,
      "is_cagr": 0.10212487534844406,
      "is_maxdd": -0.0718090520196619,
      "oos_sharpe": 1.8418443187004356,
      "oos_cagr": 0.1981542758165069,
      "oos_maxdd": -0.04291843095696083,
      "oos_days": 222,
      "config": {
        "id": "aggressive_combo_2",
        "name": "Aggressive: No VIX Budget + High Caps",
        "use_vix": true,
        "v4_overrides": {
          "ma200_shallow_cap": 0.7,
          "ma200_deep_cap": 0.4
        },
        "vix_overrides": {
          "theme_budget_normal": 0.1,
          "theme_budget_medium": 0.1,
          "theme_budget_high": 0.1
        }
      }
    },
    {
      "id": "baseline_aggressive",
      "name": "P2 Baseline Aggressive (70%/40%)",
      "is_sharpe": 0.6985564725613321,
      "is_cagr": 0.10453225636539853,
      "is_maxdd": -0.07180905201966224,
      "oos_sharpe": 1.8418443187004356,
      "oos_cagr": 0.1981542758165069,
      "oos_maxdd": -0.04291843095696083,
      "oos_days": 222,
      "config": {
        "id": "baseline_aggressive",
        "name": "P2 Baseline Aggressive (70%/40%)",
        "use_vix": false,
        "v4_overrides": {
          "ma200_shallow_cap": 0.7,
          "ma200_deep_cap": 0.4
        },
        "vix_overrides": {}
      }
    },
    {
      "id": "baseline_conservative",
      "name": "P2 Baseline Conservative (50%/20%)",
      "is_sharpe": 0.8311924311617622,
      "is_cagr": 0.112246541646712,
      "is_maxdd": -0.07180905201966202,
      "oos_sharpe": 1.8418443187004356,
      "oos_cagr": 0.1981542758165069,
      "oos_maxdd": -0.04291843095696083,
      "oos_days": 222,
      "config": {
        "id": "baseline_conservative",
        "name": "P2 Baseline Conservative (50%/20%)",
        "use_vix": false,
        "v4_overrides": {
          "ma200_shallow_cap": 0.5,
          "ma200_deep_cap": 0.2
        },
        "vix_overrides": {}
      }
    },
    {
      "id": "vix_26_30",
      "name": "VIX Thresholds (26/30)",
      "is_sharpe": 0.7613878371161319,
      "is_cagr": 0.10747803823367175,
      "is_maxdd": -0.07180905201966185,
      "oos_sharpe": 1.8300825922844732,
      "oos_cagr": 0.19704258933471808,
      "oos_maxdd": -0.042918430956960706,
      "oos_days": 222,
      "config": {
        "id": "vix_26_30",
        "name": "VIX Thresholds (26/30)",
        "use_vix": true,
        "v4_overrides": {},
        "vix_overrides": {
          "vix_low_threshold": 26.0,
          "vix_high_threshold": 30.0
        }
      }
    },
    {
      "id": "vix_budget_high",
      "name": "VIX Budget Higher (12%/8%/4%)",
      "is_sharpe": 0.7294370295171461,
      "is_cagr": 0.10153542135156024,
      "is_maxdd": -0.07180905201966215,
      "oos_sharpe": 1.8084433162667206,
      "oos_cagr": 0.19499890927828245,
      "oos_maxdd": -0.04291843095696084,
      "oos_days": 222,
      "config": {
        "id": "vix_budget_high",
        "name": "VIX Budget Higher (12%/8%/4%)",
        "use_vix": true,
        "v4_overrides": {},
        "vix_overrides": {
          "theme_budget_normal": 0.12,
          "theme_budget_medium": 0.08,
          "theme_budget_high": 0.04
        }
      }
    },
    {
      "id": "vol_blend_50",
      "name": "Vol Blend 50% Short",
      "is_sharpe": 0.7533769001242061,
      "is_cagr": 0.10368772029024753,
      "is_maxdd": -0.068636291222574,
      "oos_sharpe": 1.7856221876057394,
      "oos_cagr": 0.19133879089123296,
      "oos_maxdd": -0.04446713164317002,
      "oos_days": 222,
      "config": {
        "id": "vol_blend_50",
        "name": "Vol Blend 50% Short",
        "use_vix": true,
        "v4_overrides": {
          "vol_blend_alpha": 0.5
        },
        "vix_overrides": {}
      }
    },
    {
      "id": "vix_22_27",
      "name": "VIX Thresholds (22/27)",
      "is_sharpe": 0.7870141887981378,
      "is_cagr": 0.10898899647317739,
      "is_maxdd": -0.07180905201966196,
      "oos_sharpe": 1.7682223645826387,
      "oos_cagr": 0.19047304737057869,
      "oos_maxdd": -0.0429184309569605,
      "oos_days": 222,
      "config": {
        "id": "vix_22_27",
        "name": "VIX Thresholds (22/27)",
        "use_vix": true,
        "v4_overrides": {},
        "vix_overrides": {
          "vix_low_threshold": 22.0,
          "vix_high_threshold": 27.0
        }
      }
    },
    {
      "id": "current_vix",
      "name": "Current VIX Full (20/25)",
      "is_sharpe": 0.7300213378986469,
      "is_cagr": 0.10139932804482399,
      "is_maxdd": -0.07180905201966216,
      "oos_sharpe": 1.7560874247150355,
      "oos_cagr": 0.18935473470653186,
      "oos_maxdd": -0.04291843095696102,
      "oos_days": 222,
      "config": {
        "id": "current_vix",
        "name": "Current VIX Full (20/25)",
        "use_vix": true,
        "v4_overrides": {},
        "vix_overrides": {}
      }
    },
    {
      "id": "ma200_cap_70_40",
      "name": "MA200 Cap (70%/40%)",
      "is_sharpe": 0.7300213378986469,
      "is_cagr": 0.10139932804482399,
      "is_maxdd": -0.07180905201966216,
      "oos_sharpe": 1.7560874247150355,
      "oos_cagr": 0.18935473470653186,
      "oos_maxdd": -0.04291843095696102,
      "oos_days": 222,
      "config": {
        "id": "ma200_cap_70_40",
        "name": "MA200 Cap (70%/40%)",
        "use_vix": true,
        "v4_overrides": {
          "ma200_shallow_cap": 0.7,
          "ma200_deep_cap": 0.4
        },
        "vix_overrides": {}
      }
    },
    {
      "id": "ma200_cap_80_50",
      "name": "MA200 Cap (80%/50%)",
      "is_sharpe": 0.7300213378986469,
      "is_cagr": 0.10139932804482399,
      "is_maxdd": -0.07180905201966216,
      "oos_sharpe": 1.7560874247150355,
      "oos_cagr": 0.18935473470653186,
      "oos_maxdd": -0.04291843095696102,
      "oos_days": 222,
      "config": {
        "id": "ma200_cap_80_50",
        "name": "MA200 Cap (80%/50%)",
        "use_vix": true,
        "v4_overrides": {
          "ma200_shallow_cap": 0.8,
          "ma200_deep_cap": 0.5
        },
        "vix_overrides": {}
      }
    },
    {
      "id": "ma200_cap_100_60",
      "name": "MA200 Cap (100%/60%)",
      "is_sharpe": 0.7562628191813638,
      "is_cagr": 0.10398817404973215,
      "is_maxdd": -0.07180905201966203,
      "oos_sharpe": 1.7560874247150355,
      "oos_cagr": 0.18935473470653186,
      "oos_maxdd": -0.04291843095696102,
      "oos_days": 222,
      "config": {
        "id": "ma200_cap_100_60",
        "name": "MA200 Cap (100%/60%)",
        "use_vix": true,
        "v4_overrides": {
          "ma200_shallow_cap": 1.0,
          "ma200_deep_cap": 0.6
        },