{
  "ml_results": {
    "Ridge": {
      "train_ic": 0.09976772387155584,
      "test_ic": -0.10265710520379452,
      "train_samples": 2005.0,
      "test_samples": 495.0
    },
    "ElasticNet": {
      "train_ic": 0.09977096946947918,
      "test_ic": -0.10262188292748566,
      "train_samples": 2005.0,
      "test_samples": 495.0
    },
    "RandomForest": {
      "train_ic": 0.5970510988574735,
      "test_ic": -0.017924477899011006,
      "train_samples": 2005.0,
      "test_samples": 495.0
    }
  },
  "dataset_shape": [
    2500,
    31
  ],
  "feature_count": 29,
  "timestamp": "20250926_011707"
}