Factor_A,Factor_B,Correlation,Abs_Corr
atr_ratio,ivol_60d,-0.9452327250324741,0.9452327250324741
bollinger_squeeze,atr_ratio,0.8923072729751141,0.8923072729751141
bollinger_squeeze,ivol_60d,-0.843151899831344,0.843151899831344
momentum_10d_ex1,near_52w_high,0.8429139047578779,0.8429139047578779
momentum_10d_ex1,rsi,0.8091943612072798,0.8091943612072798
momentum_10d_ex1,blowoff_ratio,0.7868038256385403,0.7868038256385403
stability_score,ivol_60d,0.7718513205966993,0.7718513205966993
atr_ratio,stability_score,-0.7526333594029263,0.7526333594029263
momentum_10d_ex1,mom_accel_5_2,0.7372954909960928,0.7372954909960928
obv_momentum,liquidity_factor,0.7197630627078673,0.7197630627078673
rsi,near_52w_high,0.6792872336708088,0.6792872336708088
bollinger_squeeze,stability_score,-0.6688542267063364,0.6688542267063364
blowoff_ratio,near_52w_high,0.6652523132912824,0.6652523132912824
momentum_10d_ex1,obv_momentum,0.6574328136910762,0.6574328136910762
rsi,blowoff_ratio,0.6316107461599184,0.6316107461599184
near_52w_high,mom_accel_5_2,0.6181333185541092,0.6181333185541092
