col,corr
hist_vol_40d,0.031994417736232995
near_52w_high,-0.023953193528556856
price_ma60_deviation,-0.012420910247508065
obv_divergence,-0.0110067489165764
ivol_20,0.007315417944504912
rsi_21,0.0060660576192313855
liquid_momentum,-0.0059268463018437275
ret_skew_20d,-0.004487900716342147
atr_ratio,-0.004162171016217393
blowoff_ratio,-0.0036445467396760967
vol_ratio_20d,0.0023845219353296225
bollinger_squeeze,-0.0022230656392983983
trend_r2_60,0.0010380499095814367
Close,-0.0006007456020973021
