{
  "timestamp": "20250805_015959",
  "total_positions": 5,
  "total_market_value": 38238.13850402832,
  "total_unrealized_pnl": 0,
  "portfolio_return": 0.0,
  "portfolio_exposure": 0.3823813850402832
}