{
  "timestamp": "20250803_224254",
  "total_positions": 1,
  "total_market_value": 3845.2200927734375,
  "total_unrealized_pnl": 0,
  "portfolio_return": 0.0,
  "portfolio_exposure": 0.038452200927734374
}